{"TSLA": 302.6300048828125, "GLOB": 79.79000091552734, "MRVL": 74.44999694824219, "NVDA": 173.72000122070312, "INOD": 44.959999084472656, "PLTR": 154.27000427246094, "DAVE": 232.72999572753906, "HAG.DE": 91.6500015258789}