{"TSLA": 308.7264099121094, "GLOB": 81.44000244140625, "MRVL": 76.55999755859375, "NVDA": 176.9197998046875, "INOD": 44.56999969482422, "PLTR": 159.73989868164062, "DAVE": 233.6999969482422, "HAG.DE": 94.19999694824219}