{"INOD": 44.845001220703125, "TSLA": 309.8799133300781, "MRVL": 76.24500274658203, "AMD": 176.9600067138672, "NVDA": 178.72500610351562, "PLTR": 173.0491943359375, "DAVE": 241.74000549316406, "HAG.DE": 93.8499984741211, "GC=F": 3436.699951171875}