{"INOD": 39.5099983215332, "TSLA": 345.9800109863281, "MRVL": 77.2300033569336, "AMD": 168.5800018310547, "NVDA": 180.1699981689453, "PLTR": 158.1199951171875, "DAVE": 217.8300018310547, "HAG.DE": 85.69999694824219, "GC=F": 3473.800048828125, "LMT": 456.17999267578125}