{"INOD": 41.53499984741211, "TSLA": 335.87200927734375, "MRVL": 76.68990325927734, "AMD": 172.6300048828125, "NVDA": 181.81500244140625, "PLTR": 184.42649841308594, "DAVE": 179.314697265625, "HAG.DE": 85.9000015258789, "GC=F": 3382.89990234375, "LMT": 428.6510009765625}