{"INOD": 43.18000030517578, "TSLA": 339.3800048828125, "MRVL": 79.31999969482422, "AMD": 184.4199981689453, "NVDA": 181.58999633789062, "PLTR": 184.3699951171875, "DAVE": 200.49000549316406, "HAG.DE": 85.9000015258789, "GC=F": 3406.39990234375, "LMT": 442.57000732421875}