{"INOD": 44.47999954223633, "TSLA": 308.7200012207031, "MRVL": 76.62999725341797, "AMD": 174.30999755859375, "NVDA": 178.25999450683594, "PLTR": 173.27000427246094, "DAVE": 238.8300018310547, "HAG.DE": 93.8499984741211, "GC=F": 3426.39990234375, "LMT": 428.239990234375}