{"INOD": 43.58000183105469, "TSLA": 319.9100036621094, "MRVL": 75.31999969482422, "AMD": 163.1199951171875, "NVDA": 179.4199981689453, "PLTR": 179.5399932861328, "DAVE": 196.11000061035156, "HAG.DE": 94.3499984741211, "GC=F": 3443.5, "LMT": 434.8500061035156}