{"INOD": 41.20500183105469, "TSLA": 331.9892883300781, "MRVL": 77.83999633789062, "AMD": 180.5601043701172, "NVDA": 181.798095703125, "PLTR": 182.27000427246094, "DAVE": 197.3699951171875, "HAG.DE": 85.8499984741211, "GC=F": 3388.199951171875, "LMT": 438.0231018066406}