{"INOD": 43.529998779296875, "TSLA": 329.6499938964844, "MRVL": 77.33999633789062, "AMD": 172.75999450683594, "NVDA": 182.6999969482422, "PLTR": 186.9600067138672, "DAVE": 183.02000427246094, "HAG.DE": 83.9000015258789, "GC=F": 3416.300048828125, "LMT": 425.6300048828125}