{"INOD": 39.06999969482422, "TSLA": 349.6000061035156, "MRVL": 74.79000091552734, "AMD": 167.1300048828125, "NVDA": 181.60000610351562, "PLTR": 156.72000122070312, "DAVE": 207.80999755859375, "HAG.DE": 85.5, "GC=F": 3450.699951171875, "LMT": 454.4700012207031}