{"INOD": 41.209999084472656, "TSLA": 341.95989990234375, "MRVL": 77.91999816894531, "AMD": 173.27499389648438, "NVDA": 182.65550231933594, "PLTR": 184.841796875, "DAVE": 183.09500122070312, "HAG.DE": 84.75, "GC=F": 3408.5, "LMT": 426.3374938964844}