{"INOD": 42.599998474121094, "TSLA": 308.739990234375, "MRVL": 76.41000366210938, "AMD": 176.69000244140625, "NVDA": 177.75999450683594, "PLTR": 159.85000610351562, "DAVE": 236.0, "HAG.DE": 93.55000305175781, "GC=F": 3431.39990234375}