{"INOD": 42.459999084472656, "TSLA": 318.4460144042969, "MRVL": 74.54000091552734, "AMD": 162.860107421875, "NVDA": 179.05499267578125, "PLTR": 177.8740997314453, "DAVE": 186.32000732421875, "HAG.DE": 94.3499984741211, "GC=F": 3435.89990234375, "LMT": 433.30499267578125}